,keyword,R2,MSE,MAE
0,pets,0.5198037961317789,0.37669330665007855,0.39870318204221433
1, dogs,0.8583726136196204,0.3720512624233597,0.45739277804749556
2, cats,0.5030606585606219,0.1452862395459059,0.29129166195122524
3, news,0.5563605871552691,15.583953715641858,2.734339742258687
