,keyword,R2,MSE,MAE
0, independent,0.8342257577938457,5.0003416157488,1.5688023669351294
1, pet business,1.0,0.0,0.0
2, aquatics,0.7828345024379093,0.12314365378999781,0.2326064680902484
3, birds,0.7044654407681126,21.86815174910863,2.693917707398366
