,keyword,R2,MSE,MAE
0, groomer,0.7736260781562279,0.1571368193112933,0.3160785886363586
1, pet food,0.6467450647025099,0.14064650188838282,0.28719007720282097
2, dog food,0.7597046427362569,13.951741536901485,2.037723766712533
3, supplies,0.9651717094466625,3.248969618076202,1.4535232761844517
