,keyword,R2,MSE,MAE
0, herptile,1.0,0.0,0.0
1, foodpet,1.0,0.0,0.0
2, pet age,1.0,0.0,0.0
3, fish,0.9195415579081923,5.927583583930577,1.8175641470042727
