,keyword,R2,MSE,MAE
0, magazine,0.8773702175099649,0.19361251840648638,0.31452045313029303
1, free,0.9723925956828757,3.0494743021918156,1.3646574036328427
2, pet shop,1.0,0.0,0.0
3, pet survey,1.0,0.0,0.0
