,keyword,R2,MSE,MAE
0, global,0.4887097997028077,0.12773060625442398,0.2919475820691538
1, world,0.52885053657675,44.280469229554456,3.9897535291112294
2, global pet expo,1.0,0.0,0.0
3,Tagline,1.0,0.0,0.0
